Matrix,Schedule,Threads,ChunkSize,p90_Time_ms,p90_GFLOPs,Speedup,Efficiency
atmosmodd.mtx,static,2,1,24.250729999999997,0.8325787,0.9444573421088769,47.22286710544385
atmosmodd.mtx,static,2,4,23.15452,0.9130851999999999,0.9891710128303243,49.45855064151621
atmosmodd.mtx,static,2,16,22.61601,0.8806092,1.012724171947218,50.6362085973609
atmosmodd.mtx,static,2,64,19.08323,1.079892,1.20020457752697,60.010228876348506
atmosmodd.mtx,static,2,256,16.04415,1.304595,1.4275471121873085,71.37735560936542
atmosmodd.mtx,static,2,1024,15.19182,1.469604,1.5076389793981235,75.38194896990618
atmosmodd.mtx,dynamic,2,1,173.5413,0.1062226,0.1319788430765472,6.59894215382736
atmosmodd.mtx,dynamic,2,4,68.41775,0.2787147,0.3347637126330521,16.738185631652605
atmosmodd.mtx,dynamic,2,16,30.97966,0.6087789,0.7393167000541646,36.96583500270823
atmosmodd.mtx,dynamic,2,64,19.857000000000003,0.9875906999999999,1.1534360678853803,57.67180339426902
atmosmodd.mtx,dynamic,2,256,14.56336,1.42499,1.5726988826754267,78.63494413377133
atmosmodd.mtx,dynamic,2,1024,13.27981,1.625073,1.7247069046921606,86.23534523460803
atmosmodd.mtx,guided,2,1,14.76744,1.639686,1.5509648253184032,77.54824126592015
atmosmodd.mtx,guided,2,4,14.72219,1.592951,1.5557318578282173,77.78659289141086
atmosmodd.mtx,guided,2,16,14.17251,1.621484,1.6160708300787934,80.80354150393967
atmosmodd.mtx,guided,2,64,14.22344,1.59894,1.610284150669599,80.51420753347995
atmosmodd.mtx,guided,2,256,14.11392,1.614597,1.6227794971205731,81.13897485602865
atmosmodd.mtx,guided,2,1024,14.381920000000001,1.575095,1.5925397999710749,79.62698999855374
atmosmodd.mtx,static,4,1,27.58454,0.7179054,0.8303121966144804,20.75780491536201
atmosmodd.mtx,static,4,4,26.281779999999998,0.7769077,0.8714698928306988,21.786747320767468
atmosmodd.mtx,static,4,16,20.12399,1.009145,1.1381331435763982,28.453328589409953
atmosmodd.mtx,static,4,64,15.07906,1.461369,1.5189129826395014,37.97282456598754
atmosmodd.mtx,static,4,256,11.88081,2.031339,1.927796168779738,48.19490421949345
atmosmodd.mtx,static,4,1024,10.1318,2.425342,2.260583509346809,56.51458773367023
atmosmodd.mtx,dynamic,4,1,237.6706,0.07722322,0.09636774594754252,2.409193648688563
atmosmodd.mtx,dynamic,4,4,75.09421,0.288831,0.3050006118980411,7.625015297451028
atmosmodd.mtx,dynamic,4,16,28.12461,0.6797201,0.8143679147906406,20.359197869766017
atmosmodd.mtx,dynamic,4,64,15.85347,1.2720909999999999,1.4447171502516485,36.117928756291214
atmosmodd.mtx,dynamic,4,256,12.02963,1.85394,1.9039471704449764,47.59867926112441
atmosmodd.mtx,dynamic,4,1024,11.30587,2.0746260000000003,2.02583082947177,50.64577073679425
atmosmodd.mtx,guided,4,1,11.569569999999999,2.57115,1.9796569794728762,49.491424486821906
atmosmodd.mtx,guided,4,4,10.59141,2.38751,2.162486392274494,54.062159806862354
atmosmodd.mtx,guided,4,16,9.63175,2.7315579999999997,2.377945856152828,59.4486464038207
atmosmodd.mtx,guided,4,64,10.671059999999999,2.720561,2.146345349009377,53.65863372523443
atmosmodd.mtx,guided,4,256,10.99136,2.432095,2.0837985472225458,52.094963680563644
atmosmodd.mtx,guided,4,1024,10.87598,2.531314,2.1059049391411166,52.64762347852792
atmosmodd.mtx,static,8,1,26.35677,0.791304,0.8689903960159003,10.862379950198754
atmosmodd.mtx,static,8,4,20.50605,1.006704,1.1169279310252342,13.961599137815428
atmosmodd.mtx,static,8,16,15.44721,1.3302,1.482713059510423,18.53391324388029
atmosmodd.mtx,static,8,64,11.31576,1.886304,2.0240602487150667,25.300753108938334
atmosmodd.mtx,static,8,256,9.632925,2.64087,2.3776558002891126,29.72069750361391
atmosmodd.mtx,static,8,1024,8.2835,3.104987,2.7649882296130865,34.56235287016358
atmosmodd.mtx,dynamic,8,1,169.33100000000002,0.10798970000000001,0.13526040713159432,1.690755089144929
atmosmodd.mtx,dynamic,8,4,51.99221,0.4075284,0.4405233014715089,5.506541268393861
atmosmodd.mtx,dynamic,8,16,18.83596,1.034964,1.2159603227018958,15.199504033773698
atmosmodd.mtx,dynamic,8,64,13.00051,1.710043,1.7617601155646971,22.022001444558715
atmosmodd.mtx,dynamic,8,256,10.6374,2.229845,2.1531370447665785,26.91421305958223
atmosmodd.mtx,dynamic,8,1024,9.801947,2.450115,2.336656176573899,29.208202207173738
atmosmodd.mtx,guided,8,1,9.595032,2.6602740000000002,2.3870457128230527,29.83807141028816
atmosmodd.mtx,guided,8,4,9.320277,2.812546,2.4574140875855943,30.71767609481993
atmosmodd.mtx,guided,8,16,9.382038,2.69974,2.441237181090079,30.51546476362599
atmosmodd.mtx,guided,8,64,8.84155,2.681202,2.59047112779999,32.380889097499875
atmosmodd.mtx,guided,8,256,8.282318,2.764286,2.7653828312315465,34.56728539039433
atmosmodd.mtx,guided,8,1024,9.346300000000001,2.7272659999999997,2.450571884061072,30.6321485507634
atmosmodd.mtx,static,16,1,21.41647,0.8948965999999999,1.0694470190465564,6.684043869040977
atmosmodd.mtx,static,16,4,17.758319999999998,1.095126,1.2897492555602108,8.060932847251317
atmosmodd.mtx,static,16,16,14.25981,1.500858,1.6061770809007976,10.038606755629985
atmosmodd.mtx,static,16,64,10.132143,2.070708,2.2605069825800923,14.128168641125576
atmosmodd.mtx,static,16,256,8.656776999999998,2.7868820000000003,2.645762966979513,16.536018543621957
atmosmodd.mtx,static,16,1024,7.5957349999999995,3.4153100000000003,3.015347428524034,18.84592142827521
atmosmodd.mtx,dynamic,16,1,128.8141,0.148424,0.17780491421358377,1.1112807138348986
atmosmodd.mtx,dynamic,16,4,36.017,0.5513096,0.6359158175306105,3.974473859566316
atmosmodd.mtx,dynamic,16,16,15.623619999999999,1.327869,1.4659713945935706,9.162321216209817
atmosmodd.mtx,dynamic,16,64,11.4124,1.939866,2.0069205425677334,12.543253391048333
atmosmodd.mtx,dynamic,16,256,9.146188,2.3902229999999998,2.5041886302796312,15.651178939247695
atmosmodd.mtx,dynamic,16,1024,10.003886999999999,2.3925810000000003,2.289488075984865,14.309300474905406
atmosmodd.mtx,guided,16,1,8.772745,2.841804,2.6107882994433327,16.31742687152083
atmosmodd.mtx,guided,16,4,10.053379999999999,2.7612319999999997,2.2782168783036156,14.238855489397597
atmosmodd.mtx,guided,16,16,8.905479,2.8448339999999996,2.5718751343975996,16.074219589985
atmosmodd.mtx,guided,16,64,9.962774,2.815023,2.298936019225168,14.3683501201573
atmosmodd.mtx,guided,16,256,8.781535,2.888963,2.6081749944628134,16.301093715392582
atmosmodd.mtx,guided,16,1024,9.568781999999999,2.685544,2.3935940854332354,14.95996303395772
atmosmodd.mtx,static,32,1,22.96511,0.8538411,0.9973294271179194,3.116654459743498
atmosmodd.mtx,static,32,4,14.26628,1.3913900000000001,1.6054486523466525,5.017027038583289
atmosmodd.mtx,static,32,16,12.402669999999999,1.672703,1.8466814000533758,5.7708793751668
atmosmodd.mtx,static,32,64,11.308889999999998,1.955252,2.025289838348415,6.329030744838797
atmosmodd.mtx,static,32,256,9.263360999999998,2.964578,2.472512946434885,7.726602957609016
atmosmodd.mtx,static,32,1024,11.522939999999997,3.160783,1.9876680777648768,6.21146274301524
atmosmodd.mtx,dynamic,32,1,97.81214999999999,0.1911804,0.23416088901020993,0.731752778156906
atmosmodd.mtx,dynamic,32,4,28.530179999999998,0.6864097,0.8027912897850628,2.508722780578321
atmosmodd.mtx,dynamic,32,16,11.81931,1.680038,1.9378271658836261,6.055709893386331
atmosmodd.mtx,dynamic,32,64,11.077549999999999,2.038725,2.0675853415240737,6.461204192262731
atmosmodd.mtx,dynamic,32,256,33.503139999999995,2.221708,0.6836308477354661,2.136346399173332
atmosmodd.mtx,dynamic,32,1024,30.820619999999998,2.232226,0.7431317085769203,2.322286589302876
atmosmodd.mtx,guided,32,1,54.14975,1.675897,0.42297111251667835,1.3217847266146199
atmosmodd.mtx,guided,32,4,61.17299,1.577866,0.37441001330816104,1.1700312915880033
atmosmodd.mtx,guided,32,16,58.24419999999999,2.429261,0.3932370948523631,1.2288659214136346
atmosmodd.mtx,guided,32,64,34.71222,2.637683,0.6598189340814272,2.06193416900446
atmosmodd.mtx,guided,32,256,35.329119999999996,2.47516,0.6482974950975288,2.0259296721797773
atmosmodd.mtx,guided,32,1024,35.08263,2.4888369999999997,0.652852422979691,2.0401638218115346
atmosmodd.mtx,static,64,1,20.59358,1.0291540000000001,1.1121805922039782,1.737782175318716
atmosmodd.mtx,static,64,4,15.215939999999994,1.5809250000000001,1.505249100614225,2.3519517197097266
atmosmodd.mtx,static,64,16,12.417729999999999,1.828141,1.8444417780061253,2.8819402781345707
atmosmodd.mtx,static,64,64,15.128959999999994,2.307896,1.5139031367655154,2.3654736511961176
atmosmodd.mtx,static,64,256,32.06268999999999,2.25763,0.71434368108228,1.1161620016910625
atmosmodd.mtx,static,64,1024,26.397059999999993,4.108155,0.8676640504662264,1.3557250788534787
atmosmodd.mtx,dynamic,64,1,86.47496,0.20875929999999998,0.26486025550055187,0.41384414921961227
atmosmodd.mtx,dynamic,64,4,25.60209,0.7731102,0.894605870067639,1.397821671980686
atmosmodd.mtx,dynamic,64,16,13.999479999999995,1.793601,1.636045053101973,2.556320395471833
atmosmodd.mtx,dynamic,64,64,31.047629999999995,1.854196,0.7376981753518709,1.1526533989872982
atmosmodd.mtx,dynamic,64,256,62.15215,2.116383,0.36851146742309,0.5757991678485781
atmosmodd.mtx,dynamic,64,1024,66.70479999999999,2.3093049999999997,0.34336029790959577,0.5365004654837434
atmosmodd.mtx,guided,64,1,68.56401999999999,2.057646,0.3340495496034218,0.5219524212553466
atmosmodd.mtx,guided,64,4,61.39067,2.574522,0.37308242441400297,0.5829412881468796
atmosmodd.mtx,guided,64,16,68.15458,2.663703,0.33605635894168817,0.5250880608463878
atmosmodd.mtx,guided,64,64,69.74018,2.5368209999999998,0.3284158429186733,0.5131497545604271
atmosmodd.mtx,guided,64,256,66.80158,2.7206439999999996,0.3428628484535845,0.5357232007087258
atmosmodd.mtx,guided,64,1024,76.85556,2.7391910000000004,0.2980107099603464,0.46564173431304123
circuit5M.mtx,static,2,1,142.39860000000002,0.8605167,0.6993644600438486,34.96822300219243
circuit5M.mtx,static,2,4,135.8725,0.8882232,0.7329556753574121,36.64778376787061
circuit5M.mtx,static,2,16,146.3581,0.8787357,0.680444198168738,34.0222099084369
circuit5M.mtx,static,2,64,112.7792,1.069569,0.8830397803850354,44.15198901925177
circuit5M.mtx,static,2,256,92.57406,1.301208,1.0757713337839994,53.78856668919997
circuit5M.mtx,static,2,1024,93.42845,1.285639,1.0659335566414725,53.29667783207363
circuit5M.mtx,dynamic,2,1,984.1103,0.1675764,0.10119650205876311,5.059825102938156
circuit5M.mtx,dynamic,2,4,362.592,0.40664199999999995,0.27465724560939014,13.732862280469508
circuit5M.mtx,dynamic,2,16,157.2023,0.7851803,0.6335054894235007,31.675274471175037
circuit5M.mtx,dynamic,2,64,111.7644,1.0980619999999999,0.8910576176313745,44.552880881568726
circuit5M.mtx,dynamic,2,256,91.28386,1.3368929999999999,1.0909762141960253,54.548810709801266
circuit5M.mtx,dynamic,2,1024,86.59764,1.44402,1.1500142498109647,57.50071249054823
circuit5M.mtx,guided,2,1,115.3701,1.4514729999999998,0.8632090983712417,43.16045491856209
circuit5M.mtx,guided,2,4,82.88388,1.445667,1.2015426883973093,60.077134419865466
circuit5M.mtx,guided,2,16,82.78474999999999,1.4464329999999999,1.202981466997243,60.14907334986215
circuit5M.mtx,guided,2,64,82.574,1.454707,1.206051783854482,60.3025891927241
circuit5M.mtx,guided,2,256,82.74215000000001,1.4462249999999999,1.2036008249725199,60.18004124862599
circuit5M.mtx,guided,2,1024,115.7876,1.453544,0.8600965906539214,43.00482953269607
circuit5M.mtx,static,4,1,161.137,0.8218404,0.6180363293346655,15.450908233366636
circuit5M.mtx,static,4,4,148.2096,0.8367924,0.671943787716855,16.798594692921377
circuit5M.mtx,static,4,16,124.1189,1.009263,0.8023638623932374,20.059096559830934
circuit5M.mtx,static,4,64,90.29303999999999,1.35018,1.102947912707336,27.573697817683403
circuit5M.mtx,static,4,256,65.16543,1.8692,1.5282415845333943,38.20603961333486
circuit5M.mtx,static,4,1024,64.33206,1.8752849999999999,1.54803872283897,38.70096807097425
circuit5M.mtx,dynamic,4,1,1000.167,0.12414339999999999,0.09957189149412046,2.4892972873530117
circuit5M.mtx,dynamic,4,4,344.6519,0.35471769999999997,0.28895392713633666,7.223848178408416
circuit5M.mtx,dynamic,4,16,150.9227,0.814776,0.6598644206603778,16.496610516509445
circuit5M.mtx,dynamic,4,64,90.69507999999999,1.332843,1.0980586819042444,27.45146704760611
circuit5M.mtx,dynamic,4,256,72.6202,1.662212,1.3713611364331135,34.28402841082784
circuit5M.mtx,dynamic,4,1024,68.62764,1.762438,1.451143008851827,36.278575221295675
circuit5M.mtx,guided,4,1,104.77709999999999,1.551442,0.9504798281303835,23.761995703259586
circuit5M.mtx,guided,4,4,80.53452999999999,1.557227,1.2365940423319042,30.914851058297604
circuit5M.mtx,guided,4,16,105.36160000000001,1.5564010000000001,0.9452069824300312,23.63017456075078
circuit5M.mtx,guided,4,64,77.99098,1.542176,1.2769235621862938,31.923089054657343
circuit5M.mtx,guided,4,256,78.12062999999999,1.542798,1.2748043634568744,31.87010908642186
circuit5M.mtx,guided,4,1024,103.684,1.568339,0.960500366498206,24.01250916245515
circuit5M.mtx,static,8,1,160.1147,0.8615353,0.6219823663910933,7.774779579888666
circuit5M.mtx,static,8,4,138.4497,0.9980013,0.719311923391672,8.991399042395901
circuit5M.mtx,static,8,16,98.17882,1.244787,1.0143584940214192,12.67948117526774
circuit5M.mtx,static,8,64,75.83302,1.708967,1.3132606350109752,16.415757937637192
circuit5M.mtx,static,8,256,58.43301,2.125023,1.7043195276094794,21.30399409511849
circuit5M.mtx,static,8,1024,59.01899,2.1299319999999997,1.687397903623901,21.092473795298762
circuit5M.mtx,dynamic,8,1,718.5674,0.16719779999999998,0.13859315076080544,1.7324143845100681
circuit5M.mtx,dynamic,8,4,252.81869999999998,0.48794360000000003,0.39391279205217017,4.923909900652127
circuit5M.mtx,dynamic,8,16,106.5152,1.144477,0.9349700324460734,11.687125405575918
circuit5M.mtx,dynamic,8,64,72.54366,1.7181019999999998,1.3728080441488613,17.160100551860765
circuit5M.mtx,dynamic,8,256,65.05925,1.982865,1.5307357524103027,19.134196905128782
circuit5M.mtx,dynamic,8,1024,57.98716,2.117798,1.7174236503391438,21.467795629239298
circuit5M.mtx,guided,8,1,99.90515,1.529313,0.9968306939131765,12.460383673914706
circuit5M.mtx,guided,8,4,102.437,1.5295969999999999,0.9721928600017571,12.152410750021964
circuit5M.mtx,guided,8,16,99.85428999999999,1.5263820000000001,0.9973384218144258,12.466730272680323
circuit5M.mtx,guided,8,64,99.70619,1.5358500000000002,0.998819832550015,12.485247906875188
circuit5M.mtx,guided,8,256,99.74117,1.5321310000000001,0.9984695387070354,12.480869233837941
circuit5M.mtx,guided,8,1024,102.78020000000001,1.532035,0.9689465480705426,12.111831850881781
circuit5M.mtx,static,16,1,214.7303,0.692892,0.46378419813133026,2.8986512383208143
circuit5M.mtx,static,16,4,132.20749999999998,1.020084,0.7532743603804626,4.707964752377891
circuit5M.mtx,static,16,16,78.16798,1.546167,1.2740321548541997,7.962700967838749
circuit5M.mtx,static,16,64,69.08929,1.766672,1.4414465686360358,9.009041053975224
circuit5M.mtx,static,16,256,57.11163,2.122064,1.7437520168834262,10.898450105521414
circuit5M.mtx,static,16,1024,59.61307,2.0512420000000002,1.670581971369701,10.441137321060632
circuit5M.mtx,dynamic,16,1,519.7914,0.23322199999999998,0.1915932429817038,1.1974577686356487
circuit5M.mtx,dynamic,16,4,192.7527,0.6510454,0.5166647211686268,3.229154507303918
circuit5M.mtx,dynamic,16,16,86.59693,1.408159,1.150023678668516,7.187647991678226
circuit5M.mtx,dynamic,16,64,66.68356,1.8189170000000001,1.493449359932193,9.334058499576207
circuit5M.mtx,dynamic,16,256,62.289789999999996,2.0286519999999997,1.5987936385722281,9.992460241076426
circuit5M.mtx,dynamic,16,1024,67.87465,1.8536890000000001,1.4672417463662795,9.170260914789246
circuit5M.mtx,guided,16,1,87.11822000000001,1.5402239999999998,1.1431422726497393,7.144639204060871
circuit5M.mtx,guided,16,4,85.37526,1.852239,1.166479844395203,7.290499027470018
circuit5M.mtx,guided,16,16,86.74972,1.799866,1.1479981722131205,7.174988576332003
circuit5M.mtx,guided,16,64,91.01027,1.811302,1.0942558460709981,6.839099037943738
circuit5M.mtx,guided,16,256,88.65973,1.9163729999999999,1.1232666736070591,7.0204167100441195
circuit5M.mtx,guided,16,1024,82.89393999999999,1.906906,1.2013968693006993,7.5087304331293705
circuit5M.mtx,static,32,1,163.9051,0.7871562,0.60759866532524,1.898745829141375
circuit5M.mtx,static,32,4,121.1677,1.023733,0.8219064981839219,2.568457806824756
circuit5M.mtx,static,32,16,139.1068,1.0719329999999998,0.7159141034083164,2.237231573150989
circuit5M.mtx,static,32,64,295.2234,1.210376,0.3373327453040646,1.054164829075202
circuit5M.mtx,static,32,256,367.81300000000005,1.146955,0.2707585648141854,0.8461205150443294
circuit5M.mtx,static,32,1024,321.7186,0.8429033,0.3095516392275734,0.9673488725861669
circuit5M.mtx,dynamic,32,1,440.8468,0.27988969999999996,0.2259027852759734,0.7059462039874169
circuit5M.mtx,dynamic,32,4,172.3691,0.7415265,0.5777631837724975,1.8055099492890545
circuit5M.mtx,dynamic,32,16,108.98610000000001,1.1928830000000001,0.9137726737629843,2.855539605509326
circuit5M.mtx,dynamic,32,64,174.327,1.0709009999999999,0.5712742145508154,1.785231920471298
circuit5M.mtx,dynamic,32,256,243.0852,0.8251365999999999,0.40968565753900277,1.2802676798093837
circuit5M.mtx,dynamic,32,1024,308.12789999999995,0.682757,0.3232051365682887,1.0100160517759023
circuit5M.mtx,guided,32,1,187.2364,1.714412,0.5318865348831744,1.66214542150992
circuit5M.mtx,guided,32,4,208.88129999999998,1.0423730999999998,0.4767708741759075,1.489908981799711
circuit5M.mtx,guided,32,16,213.6096,1.2295389999999997,0.4662174359204829,1.456929487251509
circuit5M.mtx,guided,32,64,235.64589999999998,1.40103,0.42261936235682435,1.320685507365076
circuit5M.mtx,guided,32,256,237.7273,1.4250969999999998,0.41891915652935097,1.3091223641542218
circuit5M.mtx,guided,32,1024,225.31239999999997,1.55184,0.4420019492935143,1.381256091542232
circuit5M.mtx,static,64,1,145.6185,0.880335,0.6839001912531717,1.0685940488330807
circuit5M.mtx,static,64,4,173.404,1.084039,0.5743150100343706,0.897367203178704
circuit5M.mtx,static,64,16,263.1373,0.9880177,0.37846599474874904,0.5913531167949204
circuit5M.mtx,static,64,64,438.1769,0.8077569,0.22727925639165367,0.35512383811195886
circuit5M.mtx,static,64,256,338.412,1.1799879999999996,0.2942818812571658,0.4598154394643216
circuit5M.mtx,static,64,1024,383.8089,0.5001269,0.25947423314050294,0.40542848928203584
circuit5M.mtx,dynamic,64,1,434.4458,0.2989737,0.2292311722198718,0.3581737065935497
circuit5M.mtx,dynamic,64,4,215.1645,0.6312619,0.46284828584641047,0.7232004466350164
circuit5M.mtx,dynamic,64,16,202.58239999999998,0.747129,0.4915951237619852,0.7681173808781019
circuit5M.mtx,dynamic,64,64,293.60799999999995,0.6448245,0.3391887142039727,0.5299823659437073
circuit5M.mtx,dynamic,64,256,434.1943,0.4564132,0.22936395065527113,0.3583811728988611
circuit5M.mtx,dynamic,64,1024,473.18609999999995,0.4403947,0.21046374777281074,0.32884960589501677
circuit5M.mtx,guided,64,1,323.2335,0.6756931,0.308100862070299,0.4814075969848422
circuit5M.mtx,guided,64,4,338.3179,0.6616774000000001,0.2943637330451625,0.45994333288306644
circuit5M.mtx,guided,64,16,322.4004,0.7221301999999999,0.30889701129403063,0.4826515801469229
circuit5M.mtx,guided,64,64,338.39509999999996,0.6232559,0.29429657817149246,0.45983840339295695
circuit5M.mtx,guided,64,256,348.4056,0.7389517999999999,0.28584075571690004,0.4466261808076563
circuit5M.mtx,guided,64,1024,335.6625,0.6724045999999999,0.2966924217033478,0.46358190891148093
memchip.mtx,static,2,1,46.820029999999996,0.7229697,0.6245438116976859,31.227190584884294
memchip.mtx,static,2,4,43.67726,0.8125197999999999,0.6694824721147802,33.47412360573901
memchip.mtx,static,2,16,43.08728,0.7803603,0.6786494761330955,33.93247380665477
memchip.mtx,static,2,64,37.49302,0.8947636999999999,0.7799094338092797,38.99547169046399
memchip.mtx,static,2,256,31.71119,1.102075,0.9221085679849921,46.105428399249604
memchip.mtx,static,2,1024,28.8341,1.292478,1.0141173124876448,50.70586562438224
memchip.mtx,dynamic,2,1,422.8329,0.07437325,0.0691553566432508,3.4577678321625402
memchip.mtx,dynamic,2,4,142.0539,0.24367419999999998,0.20584552764830816,10.292276382415407
memchip.mtx,dynamic,2,16,60.09517,0.5330248000000001,0.4865808683127113,24.329043415635564
memchip.mtx,dynamic,2,64,39.85646,0.8381689999999999,0.7336617451725518,36.68308725862759
memchip.mtx,dynamic,2,256,28.2963,1.244211,1.0333916448440257,51.66958224220129
memchip.mtx,dynamic,2,1024,25.70992,1.403053,1.1373493188621357,56.86746594310679
memchip.mtx,guided,2,1,32.58381,1.099499,0.897413776964695,44.87068884823475
memchip.mtx,guided,2,4,27.334629999999997,1.279408,1.069747788793922,53.487389439696095
memchip.mtx,guided,2,16,32.10758,1.171451,0.9107245080445179,45.536225402225895
memchip.mtx,guided,2,64,30.330099999999998,1.1408969999999998,0.9640970521033562,48.20485260516781
memchip.mtx,guided,2,256,27.690949999999997,1.1394009999999999,1.055982550255589,52.79912751277946
memchip.mtx,guided,2,1024,31.67788,1.110201,0.9230781857876854,46.15390928938427
memchip.mtx,static,4,1,55.679,0.6066134000000001,0.5251739434975484,13.129348587438711
memchip.mtx,static,4,4,52.46954,0.6305023,0.5572978150751846,13.932445376879615
memchip.mtx,static,4,16,42.142419999999994,0.8007131000000001,0.6938652312800263,17.34663078200066
memchip.mtx,static,4,64,31.252999999999997,1.1265919999999998,0.9356272997792213,23.390682494480533
memchip.mtx,static,4,256,22.96647,1.6805750000000002,1.2732109026768152,31.83027256692038
memchip.mtx,static,4,1024,20.42224,2.057177,1.4318292214761947,35.79573053690487
memchip.mtx,dynamic,4,1,509.9465,0.06104909,0.057341623091834146,1.4335405772958536
memchip.mtx,dynamic,4,4,152.8914,0.24488799999999997,0.19125444596622176,4.781361149155544
memchip.mtx,dynamic,4,16,59.01604,0.5357911,0.4954781784748689,12.386954461871722
memchip.mtx,dynamic,4,64,32.90243,1.022836,0.8887234164771416,22.21808541192854
memchip.mtx,dynamic,4,256,23.89974,1.521,1.2234928078715501,30.587320196788752
memchip.mtx,dynamic,4,1024,21.406270000000003,1.735443,1.3660091178892912,34.15022794723228
memchip.mtx,guided,4,1,21.47917,1.9652749999999999,1.3613729022117709,34.034322555294274
memchip.mtx,guided,4,4,22.05386,1.855918,1.3258975979715115,33.14743994928779
memchip.mtx,guided,4,16,22.810200000000002,1.8699270000000001,1.2819335209686893,32.04833802421723
memchip.mtx,guided,4,64,21.93067,1.812492,1.3333454928645592,33.33363732161398
memchip.mtx,guided,4,256,22.442349999999998,1.8964189999999999,1.3029455471463551,32.57363867865888
memchip.mtx,guided,4,1024,21.712979999999998,1.844414,1.346713348421083,33.66783371052707
memchip.mtx,static,8,1,52.4774,0.6353752,0.5572143436984301,6.965179296230377
memchip.mtx,static,8,4,40.36725,0.8043554,0.7243783017173575,9.05472877146697
memchip.mtx,static,8,16,32.568329999999996,1.070705,0.8978403252484853,11.223004065606066
memchip.mtx,static,8,64,24.33665,1.425735,1.2015277369728374,15.019096712160469
memchip.mtx,static,8,256,19.194,2.043043,1.523453162446598,19.043164530582473
memchip.mtx,static,8,1024,17.288,2.460928,1.6914136973623324,21.142671217029154
memchip.mtx,dynamic,8,1,358.9484,0.08494195,0.08146340811102655,1.018292601387832
memchip.mtx,dynamic,8,4,112.0463,0.3247018,0.26097390096772494,3.2621737620965616
memchip.mtx,dynamic,8,16,40.45901,0.8150768,0.722735430253978,9.034192878174725
memchip.mtx,dynamic,8,64,25.61961,1.38411,1.141358514044515,14.266981425556438
memchip.mtx,dynamic,8,256,19.629179999999998,1.8975019999999998,1.4896781220611357,18.620976525764195
memchip.mtx,dynamic,8,1024,18.92833,2.0892269999999997,1.5448357039421863,19.310446299277327
memchip.mtx,guided,8,1,19.11859,2.264377,1.5294621622201219,19.118277027751525
memchip.mtx,guided,8,4,18.62662,2.0830879999999996,1.5698586216930395,19.623232771162993
memchip.mtx,guided,8,16,18.481869999999997,2.339725,1.5821537539220871,19.776921924026087
memchip.mtx,guided,8,64,18.02419,2.126077,1.6223286594293558,20.279108242866947
memchip.mtx,guided,8,256,17.067819999999998,2.156978,1.7132334416463266,21.415418020579082
memchip.mtx,guided,8,1024,17.437659999999997,2.3235409999999996,1.6768970148517637,20.961212685647045
memchip.mtx,static,16,1,46.45541,0.7028263,0.6294457416262175,3.9340358851638593
memchip.mtx,static,16,4,35.131299999999996,0.8743603999999999,0.8323392530307733,5.202120331442333
memchip.mtx,static,16,16,26.17498,1.3085449999999998,1.1171416367844407,6.982135229902754
memchip.mtx,static,16,64,22.74607,1.598113,1.2855477891345626,8.034673682091016
memchip.mtx,static,16,256,19.01126,2.1169540000000002,1.5380968962604267,9.613105601627666
memchip.mtx,static,16,1024,16.55895,2.516827,1.7658824985883768,11.036765616177355
memchip.mtx,dynamic,16,1,273.9674,0.11361979999999999,0.10673226084563346,0.6670766302852091
memchip.mtx,dynamic,16,4,76.31324000000001,0.4463008,0.38317282820124005,2.3948301762577504
memchip.mtx,dynamic,16,16,31.19567,1.1189310000000001,0.93734675357189,5.858417209824313
memchip.mtx,dynamic,16,64,22.4676,1.581893,1.301481244102619,8.134257775641368
memchip.mtx,dynamic,16,256,19.104210000000002,2.031557,1.5306134092956474,9.566333808097797
memchip.mtx,dynamic,16,1024,17.92633,2.220503,1.6311849664711071,10.194906040444419
memchip.mtx,guided,16,1,18.872239999999998,2.255648,1.549427095034824,9.683919343967649
memchip.mtx,guided,16,4,17.33547,2.350798,1.6867820716715496,10.542387947947185
memchip.mtx,guided,16,16,17.62961,2.309239,1.658639073694767,10.366494210592293
memchip.mtx,guided,16,64,17.628420000000002,2.368669,1.658751039514602,10.367193996966261
memchip.mtx,guided,16,256,19.150869999999998,2.094931,1.526884157221056,9.543025982631601
memchip.mtx,guided,16,1024,17.48742,2.309814,1.6721254478934,10.45078404933375
memchip.mtx,static,32,1,43.883500000000005,0.8093567,0.6663360944318479,2.082300295099525
memchip.mtx,static,32,4,30.78022,1.128286,0.9499984080685583,2.9687450252142447
memchip.mtx,static,32,16,25.54254,1.403724,1.1448023571657322,3.577507366142913
memchip.mtx,static,32,64,22.68163,1.624502,1.289200114806564,4.0287503587705125
memchip.mtx,static,32,256,25.53511,1.578123,1.1451354625063295,3.5785483203322794
memchip.mtx,static,32,1024,51.418060000000004,0.7567419,0.5686943459165904,1.7771698309893451
memchip.mtx,dynamic,32,1,217.9819,0.1463759,0.13414489918658384,0.4192028099580745
memchip.mtx,dynamic,32,4,58.917269999999995,0.5565171,0.4963088072478579,1.550965022649556
memchip.mtx,dynamic,32,16,26.14197,1.416743,1.118552274369529,3.495475857404778
memchip.mtx,dynamic,32,64,24.324309999999997,1.504604,1.2021372857030683,3.7566790178220884
memchip.mtx,dynamic,32,256,47.83201999999999,0.8148278,0.6113302344329177,1.9104069826028678
memchip.mtx,dynamic,32,1024,62.41514,0.5463588,0.4684946633140613,1.4640458228564417
memchip.mtx,guided,32,1,66.79969,0.6036551,0.43774394761412816,1.3679498362941505
memchip.mtx,guided,32,4,73.06303,0.5322853000000001,0.40021827728743253,1.2506821165232267
memchip.mtx,guided,32,16,71.2631,0.5864528999999999,0.41032680307199665,1.2822712595999894
memchip.mtx,guided,32,64,117.1973,0.37704580000000004,0.24950370017056708,0.7796990630330222
memchip.mtx,guided,32,256,110.4999,0.39750169999999996,0.2646261218335944,0.8269566307299825
memchip.mtx,guided,32,1024,52.614529999999995,1.575104,0.5557620680066895,1.7367564625209047
memchip.mtx,static,64,1,41.66398,0.8023552,0.7018330941979138,1.0966142096842404
memchip.mtx,static,64,4,28.056559999999998,1.234706,1.0422218547106274,1.6284716479853554
memchip.mtx,static,64,16,23.71306,1.548562,1.2331247000597985,1.926757343843435
memchip.mtx,static,64,64,36.16253999999999,1.549329,0.8086035991940833,1.263443123740755
memchip.mtx,static,64,256,87.94055999999999,0.43601850000000003,0.3325105048228031,0.5195476637856298
memchip.mtx,static,64,1024,96.82888,0.36647369999999996,0.3019880019266979,0.47185625301046547
memchip.mtx,dynamic,64,1,233.04420000000002,0.1482445,0.12547473826853445,0.19605427854458507
memchip.mtx,dynamic,64,4,54.1443,0.6005527,0.5400598031556415,0.8438434424306899
memchip.mtx,dynamic,64,16,24.91463,1.5345119999999999,1.173654194342842,1.8338346786606907
memchip.mtx,dynamic,64,64,40.03886,1.374301,0.7303194946109854,1.1411242103296648
memchip.mtx,dynamic,64,256,117.2374,0.4012465,0.24941835967020765,0.38971618698469945
memchip.mtx,dynamic,64,1024,130.438,0.39017789999999986,0.224176696974808,0.3502760890231375
memchip.mtx,guided,64,1,136.429,0.4053001999999998,0.21433243665203147,0.33489443226879917
memchip.mtx,guided,64,4,132.3397,0.4726870999999999,0.22095531424054915,0.34524267850085805
memchip.mtx,guided,64,16,146.3523,0.41183549999999997,0.1997997981582797,0.31218718462231204
memchip.mtx,guided,64,64,135.46679999999998,0.43574959999999985,0.2158548072295205,0.33727313629612576
memchip.mtx,guided,64,256,148.56109999999998,0.4058305,0.19682918341342387,0.3075455990834748
memchip.mtx,guided,64,1024,140.6965,0.44116769999999994,0.2078314670229892,0.32473666722342065
poisson3Db.mtx,static,2,1,5.426298,0.9386935,0.7666637549209423,38.333187746047116
poisson3Db.mtx,static,2,4,5.014441,1.0493919999999999,0.8296330538139743,41.481652690698716
poisson3Db.mtx,static,2,16,3.675249,1.402222,1.1319358225796399,56.59679112898199
poisson3Db.mtx,static,2,64,2.9349689999999997,1.7428000000000001,1.4174412063636788,70.87206031818394
poisson3Db.mtx,static,2,256,2.506999,2.063436,1.6594127081821728,82.97063540910864
poisson3Db.mtx,static,2,1024,2.322896,2.28791,1.7909308036175529,89.54654018087764
poisson3Db.mtx,dynamic,2,1,18.51423,0.2598144,0.22469992000747527,11.234996000373764
poisson3Db.mtx,dynamic,2,4,8.382396,0.5840455,0.4962955699062654,24.81477849531327
poisson3Db.mtx,dynamic,2,16,4.684270000000001,1.090425,0.8881097801791952,44.40548900895976
poisson3Db.mtx,dynamic,2,64,3.309033,1.601715,1.2572089791791135,62.86044895895567
poisson3Db.mtx,dynamic,2,256,2.971227,1.9032829999999998,1.4001441155455303,70.00720577727651
poisson3Db.mtx,dynamic,2,1024,2.7887169999999997,2.052116,1.4917777601671305,74.58888800835652
poisson3Db.mtx,guided,2,1,3.7947859999999998,1.548258,1.0962794739940538,54.813973699702686
poisson3Db.mtx,guided,2,4,3.678741,1.604768,1.130861346313861,56.54306731569305
poisson3Db.mtx,guided,2,16,3.840418,1.451712,1.0832534375164369,54.16267187582184
poisson3Db.mtx,guided,2,64,3.663628,1.63666,1.1355263143528762,56.77631571764381
poisson3Db.mtx,guided,2,256,3.686856,1.622931,1.1283722499603996,56.41861249801998
poisson3Db.mtx,guided,2,1024,3.701741,1.444317,1.1238349738677014,56.191748693385065
poisson3Db.mtx,static,4,1,5.131506,1.258416,0.8107066424554505,20.267666061386265
poisson3Db.mtx,static,4,4,3.4063709999999996,2.249777,1.22128388246612,30.532097061653
poisson3Db.mtx,static,4,16,2.218302,3.0326779999999998,1.875374047356942,46.88435118392355
poisson3Db.mtx,static,4,64,1.683892,3.717734,2.470553931012202,61.76384827530506
poisson3Db.mtx,static,4,256,1.568068,4.162217,2.653039281459732,66.3259820364933
poisson3Db.mtx,static,4,1024,1.773992,4.190691,2.3450759642659036,58.62689910664759
poisson3Db.mtx,dynamic,4,1,19.69464,0.24400439999999998,0.211232396225572,5.2808099056393
poisson3Db.mtx,dynamic,4,4,7.052295,0.7073367,0.5898996000592713,14.747490001481783
poisson3Db.mtx,dynamic,4,16,3.140933,1.761858,1.3244937093532396,33.11234273383099
poisson3Db.mtx,dynamic,4,64,2.355664,2.888557,1.7660184134919068,44.15046033729767
poisson3Db.mtx,dynamic,4,256,2.171894,3.375848,1.9154461497660564,47.88615374415141
poisson3Db.mtx,dynamic,4,1024,2.094088,3.6785759999999996,1.9866146981406698,49.665367453516744
poisson3Db.mtx,guided,4,1,2.9143980000000003,2.401169,1.4274460797735926,35.686151994339816
poisson3Db.mtx,guided,4,4,2.7721769999999997,2.29836,1.5006783477389791,37.51695869347448
poisson3Db.mtx,guided,4,16,2.549533,2.34197,1.6317286342243853,40.79321585560963
poisson3Db.mtx,guided,4,64,2.460633,2.557941,1.6906812190196585,42.26703047549146
poisson3Db.mtx,guided,4,256,3.266362,3.322981,1.2736328673919177,31.840821684797945
poisson3Db.mtx,guided,4,1024,2.93433,2.0465639999999996,1.4177498781663955,35.44374695415989
poisson3Db.mtx,static,8,1,3.2892599999999996,2.067707,1.2647665432346484,15.809581790433105
poisson3Db.mtx,static,8,4,2.168147,3.117282,1.9187564311829408,23.98445538978676
poisson3Db.mtx,static,8,16,1.3256,5.016642,3.138311707905854,39.22889634882317
poisson3Db.mtx,static,8,64,1.1138,5.795724,3.7350924762075772,46.688655952594715
poisson3Db.mtx,static,8,256,1.174127,6.847501,3.5431822962933306,44.289778703666634
poisson3Db.mtx,static,8,1024,1.15997,6.428533,3.5864255110045944,44.83031888755743
poisson3Db.mtx,dynamic,8,1,15.96592,0.30061370000000004,0.26056412658963585,3.257051582370448
poisson3Db.mtx,dynamic,8,4,4.3979040000000005,1.1338460000000001,0.9459383378991444,11.824229223739305
poisson3Db.mtx,dynamic,8,16,1.995488,2.901786,2.0847762552318025,26.05970319039753
poisson3Db.mtx,dynamic,8,64,1.7493109999999998,4.6905470000000005,2.378162602304564,29.72703252880705
poisson3Db.mtx,dynamic,8,256,1.8072389999999998,5.058714,2.3019346085382173,28.774182606727717
poisson3Db.mtx,dynamic,8,1024,1.521643,5.007143,2.733982938179323,34.17478672724153
poisson3Db.mtx,guided,8,1,2.2248289999999997,3.6276249999999997,1.8698722463614057,23.373403079517573
poisson3Db.mtx,guided,8,4,2.42042,2.679899,1.7187702960643192,21.48462870080399
poisson3Db.mtx,guided,8,16,2.486946,2.439518,1.6727930562223703,20.909913202779627
poisson3Db.mtx,guided,8,64,2.4174569999999997,2.561462,1.7208769380386082,21.510961725482602
poisson3Db.mtx,guided,8,256,2.6198029999999997,2.243923,1.5879613848827563,19.849517311034454
poisson3Db.mtx,guided,8,1024,2.451839,2.723032,1.696745177803273,21.209314722540913
poisson3Db.mtx,static,16,1,1.6700199999999996,4.804992,2.4910755559813658,15.569222224883536
poisson3Db.mtx,static,16,4,1.194011,5.74273,3.4841772814488303,21.77610800905519
poisson3Db.mtx,static,16,16,1.170329,7.402324999999999,3.5546807777983793,22.21675486123987
poisson3Db.mtx,static,16,64,0.7260114,9.984603,5.730138672753623,35.81336670471014
poisson3Db.mtx,static,16,256,0.5057596999999999,12.073599999999999,8.225538729163276,51.409617057270474
poisson3Db.mtx,static,16,1024,0.8186047999999999,10.39573,5.081995610091707,31.762472563073167
poisson3Db.mtx,dynamic,16,1,12.48598,0.3832783,0.3331853807230189,2.082408629518868
poisson3Db.mtx,dynamic,16,4,3.009167,1.71772,1.3824909019672218,8.640568137295137
poisson3Db.mtx,dynamic,16,16,1.649225,4.37091,2.5224854098137,15.765533811335624
poisson3Db.mtx,dynamic,16,64,1.782544,5.58005,2.3338251398001955,14.586407123751222
poisson3Db.mtx,dynamic,16,256,1.547394,6.70219,2.688485285583374,16.803033034896085
poisson3Db.mtx,dynamic,16,1024,1.298559,6.3596390000000005,3.2036634454037123,20.022896533773203
poisson3Db.mtx,guided,16,1,1.852367,3.641244,2.2458540883097133,14.03658805193571
poisson3Db.mtx,guided,16,4,1.775181,4.509317,2.3435052538304544,14.64690783644034
poisson3Db.mtx,guided,16,16,1.733048,4.407009,2.400479386606718,15.002996166291988
poisson3Db.mtx,guided,16,64,1.778583,3.785267,2.339022693908577,14.618891836928608
poisson3Db.mtx,guided,16,256,1.932874,3.7490539999999997,2.1523110145824296,13.451943841140185
poisson3Db.mtx,guided,16,1024,1.6774479999999998,4.29624,2.480044686929192,15.50027929330745
poisson3Db.mtx,static,32,1,1.4192789999999997,6.321307,2.931168572211665,9.159901788161454
poisson3Db.mtx,static,32,4,0.7270998999999996,10.34582,5.721560407311295,17.8798762728478
poisson3Db.mtx,static,32,16,0.4573177999999997,13.92658,9.096838128758604,28.427619152370635
poisson3Db.mtx,static,32,64,0.3433496999999998,17.575539999999997,12.116352511739493,37.86360159918591
poisson3Db.mtx,static,32,256,0.3264587999999998,17.85573,12.743249684186798,39.822655263083746
poisson3Db.mtx,static,32,1024,0.5695625,12.98387,7.304107977614396,22.825337430044986
poisson3Db.mtx,dynamic,32,1,9.808091000000001,0.48875579999999996,0.4241545067230717,1.3254828335095992
poisson3Db.mtx,dynamic,32,4,2.176557,2.4633640000000003,1.911342546967527,5.972945459273522
poisson3Db.mtx,dynamic,32,16,1.7817169999999998,5.354059,2.334908405768144,7.29658876802545
poisson3Db.mtx,dynamic,32,64,1.809119,5.637872,2.2995424844910697,7.186070264034592
poisson3Db.mtx,dynamic,32,256,1.9194989999999994,7.29766,2.167308240327294,6.772838251022793
poisson3Db.mtx,dynamic,32,1024,1.2520769999999999,7.203643,3.322595974528723,10.38311242040226
poisson3Db.mtx,guided,32,1,2.2084349999999993,5.653321999999999,1.883752974391368,5.886728044973025
poisson3Db.mtx,guided,32,4,1.7266739999999996,5.8621229999999995,2.4093407325297074,7.529189789155335
poisson3Db.mtx,guided,32,16,2.4189489999999996,5.17758,1.719815506651856,5.374423458287049
poisson3Db.mtx,guided,32,64,1.8562859999999992,5.001726,2.241112630273568,7.0034769696049
poisson3Db.mtx,guided,32,256,2.1640059999999997,5.546754,1.922428126354548,6.007587894857962
poisson3Db.mtx,guided,32,1024,1.7716939999999997,5.437464999999999,2.3481176772061088,7.33786774126909
poisson3Db.mtx,static,64,1,16.525549999999996,10.31148,0.25174024465146394,0.3933441322679124
poisson3Db.mtx,static,64,4,1.314222599999998,14.66394,3.1654804901391937,4.94606326584249
poisson3Db.mtx,static,64,16,3.001792199999991,16.32515,1.3858874041980693,2.165449069059483
poisson3Db.mtx,static,64,64,0.7763589999999994,23.19444,5.358533874148432,8.372709178356926
poisson3Db.mtx,static,64,256,8.262562999999993,24.415409999999998,0.5034934075540486,0.7867084493032009
poisson3Db.mtx,static,64,1024,3.158040999999991,17.06521,1.3173185528623634,2.058310238847443
poisson3Db.mtx,dynamic,64,1,21.639439999999997,0.5213182,0.19224832065894495,0.3003880010296015
poisson3Db.mtx,dynamic,64,4,4.435231999999991,2.722632,0.9379770889098941,1.4655892014217096
poisson3Db.mtx,dynamic,64,16,14.456209999999997,6.309922,0.2877757033136624,0.44964953642759753
poisson3Db.mtx,dynamic,64,64,7.646759999999999,5.948904000000001,0.5440403517306677,0.8500630495791682
poisson3Db.mtx,dynamic,64,256,25.86832,0.4229796999999999,0.16082010737458013,0.25128141777278146
poisson3Db.mtx,dynamic,64,1024,25.1752,4.8744559999999995,0.1652477835330007,0.2581996617703136
poisson3Db.mtx,guided,64,1,18.40188,4.263522,0.2260717926646625,0.35323717603853516
poisson3Db.mtx,guided,64,4,7.089337999999999,5.323495,0.586817274052951,0.916901990707736
poisson3Db.mtx,guided,64,16,25.98614,6.005458,0.16009095617894767,0.25014211902960576
poisson3Db.mtx,guided,64,64,4.270871999999998,8.389278000000001,0.9740741469189433,1.521990854560849
poisson3Db.mtx,guided,64,256,8.45886,6.955837,0.49180929817966007,0.7684520284057189
poisson3Db.mtx,guided,64,1024,25.07813,7.658758,0.16588740867042315,0.25919907604753617
rajat29.mtx,static,2,1,14.2218,0.8020879999999999,0.582991182550732,29.1495591275366
rajat29.mtx,static,2,4,10.85202,1.11722,0.7640221820453705,38.201109102268525
rajat29.mtx,static,2,16,11.44305,0.9606587999999999,0.7245606721984088,36.22803360992044
rajat29.mtx,static,2,64,9.407965,1.294673,0.8812940949503958,44.06470474751979
rajat29.mtx,static,2,256,9.213038000000001,1.6077469999999998,0.8999402802853956,44.99701401426978
rajat29.mtx,static,2,1024,7.261674999999999,1.87896,1.1417729380618111,57.088646903090556
rajat29.mtx,dynamic,2,1,87.64949999999999,0.1234417,0.09459476665582807,4.7297383327914035
rajat29.mtx,dynamic,2,4,31.8532,0.3209417,0.26029359687566717,13.014679843783359
rajat29.mtx,dynamic,2,16,15.94463,0.7320089000000001,0.5199985198778524,25.99992599389262
rajat29.mtx,dynamic,2,64,9.730231999999999,1.244119,0.8521054790882686,42.605273954413434
rajat29.mtx,dynamic,2,256,7.684976,1.6061910000000001,1.078882224225554,53.9441112112777
rajat29.mtx,dynamic,2,1024,7.120542,1.7911249999999999,1.1644034962507068,58.22017481253534
rajat29.mtx,guided,2,1,8.534869,1.4307219999999998,0.9714483022527939,48.572415112639696
rajat29.mtx,guided,2,4,8.124935,1.461142,1.020461579077248,51.0230789538624
rajat29.mtx,guided,2,16,7.219254,1.4729079999999999,1.1484821007821584,57.42410503910792
rajat29.mtx,guided,2,64,8.329695,1.541248,0.9953766614503895,49.76883307251948
rajat29.mtx,guided,2,256,8.72149,1.4262819999999998,0.9506614122128216,47.53307061064108
rajat29.mtx,guided,2,1024,7.738733,1.469914,1.0713877840209762,53.569389201048814
rajat29.mtx,static,4,1,13.45838,0.8085121999999999,0.6160610712433444,15.40152678108361
rajat29.mtx,static,4,4,13.70851,0.7614345,0.6048202175145221,15.120505437863052
rajat29.mtx,static,4,16,9.665851,1.1311579999999999,0.8577810686301705,21.44452671575426
rajat29.mtx,static,4,64,6.654235,1.9367130000000001,1.2460010805148904,31.15002701287226
rajat29.mtx,static,4,256,5.518250999999999,2.64226,1.502502151496915,37.56255378742288
rajat29.mtx,static,4,1024,4.809347,2.966429,1.723972921895634,43.09932304739085
rajat29.mtx,dynamic,4,1,125.8566,0.0806842,0.06587802308341399,1.6469505770853499
rajat29.mtx,dynamic,4,4,31.5559,0.3210084,0.262745920731147,6.568648018278675
rajat29.mtx,dynamic,4,16,13.56024,0.8326237,0.6114334259570627,15.285835648926568
rajat29.mtx,dynamic,4,64,8.486521,1.441091,0.9769826764112174,24.424566910280436
rajat29.mtx,dynamic,4,256,6.222244,2.209665,1.3325070505110377,33.312676262775945
rajat29.mtx,dynamic,4,1024,5.578066,2.503484,1.4863904442866043,37.15976110716511
rajat29.mtx,guided,4,1,6.507643999999999,2.8005829999999996,1.2740684647162632,31.85171161790658
rajat29.mtx,guided,4,4,5.955932,2.14867,1.3920884254554957,34.80221063638739
rajat29.mtx,guided,4,16,7.3609029999999995,2.071493,1.1263813692423337,28.15953423105834
rajat29.mtx,guided,4,64,6.26142,2.168295,1.3241699167281544,33.10424791820386
rajat29.mtx,guided,4,256,5.726995999999999,2.081621,1.4477369985940278,36.19342496485069
rajat29.mtx,guided,4,1024,6.5593639999999995,2.1308369999999996,1.264022548527571,31.600563713189274
rajat29.mtx,static,8,1,14.27597,0.7649319,0.5807790293759374,7.259737867199218
rajat29.mtx,static,8,4,10.122278999999999,1.14208,0.8191024965820446,10.238781207275558
rajat29.mtx,static,8,16,8.816215999999999,1.436522,0.9404470126412513,11.75558765801564
rajat29.mtx,static,8,64,5.904414,2.44112,1.404234865644584,17.5529358205573
rajat29.mtx,static,8,256,4.524233,3.14859,1.832616489911108,22.90770612388885
rajat29.mtx,static,8,1024,4.548808,3.661486,1.8227157532259002,22.783946915323753
rajat29.mtx,dynamic,8,1,82.11762999999999,0.1198502,0.10096716137569973,1.2620895171962467
rajat29.mtx,dynamic,8,4,22.62767,0.4599874,0.3664179299061725,4.580224123827156
rajat29.mtx,dynamic,8,16,8.919452999999999,1.294418,0.9295619361411515,11.619524201764394
rajat29.mtx,dynamic,8,64,5.648624,2.0020759999999997,1.467823668206629,18.347795852582863
rajat29.mtx,dynamic,8,256,4.970962,2.628246,1.6679234321244059,20.849042901555073
rajat29.mtx,dynamic,8,1024,5.0515099999999995,2.7588719999999998,1.6413278405862806,20.516598007328508
rajat29.mtx,guided,8,1,5.896438,2.4095439999999995,1.4061343475501653,17.576679344377066
rajat29.mtx,guided,8,4,5.865114999999999,2.951092,1.4136438927454964,17.670548659318705
rajat29.mtx,guided,8,16,5.081814,2.344535,1.6315402334678133,20.394252918347668
rajat29.mtx,guided,8,64,5.693935999999999,2.741539,1.4561428157956118,18.201785197445147
rajat29.mtx,guided,8,256,5.572210999999999,2.433249,1.4879522688570124,18.599403360712653
rajat29.mtx,guided,8,1024,5.573796999999999,2.29652,1.4875288784288345,18.59411098036043
rajat29.mtx,static,16,1,11.56768,0.9540286,0.7167542670613296,4.47971416913331
rajat29.mtx,static,16,4,7.777591999999999,1.4691720000000001,1.0660348344320456,6.662717715200285
rajat29.mtx,static,16,16,6.407073,1.8624749999999999,1.2940673533764953,8.087920958603096
rajat29.mtx,static,16,64,5.95017,2.640081,1.3934364900498644,8.708978062811653
rajat29.mtx,static,16,256,4.889574,3.4068009999999997,1.6956863726778655,10.59803982923666
rajat29.mtx,static,16,1024,3.9730669999999995,3.968172,2.0868472643426355,13.042795402141472
rajat29.mtx,dynamic,16,1,60.84275,0.1656165,0.1362723414046867,0.8517021337792918
rajat29.mtx,dynamic,16,4,17.746209999999998,0.5995208999999999,0.46720871667809644,2.920054479238103
rajat29.mtx,dynamic,16,16,6.990345,1.662593,1.1860908152601912,7.413067595376195
rajat29.mtx,dynamic,16,64,6.225552,2.110988,1.3317990115575296,8.32374382223456
rajat29.mtx,dynamic,16,256,5.127136999999999,2.4104140000000003,1.6171177013604283,10.106985633502678
rajat29.mtx,dynamic,16,1024,5.821352,2.380551,1.424271200229775,8.901695001436094
rajat29.mtx,guided,16,1,6.113731,2.213264,1.3561578028212236,8.475986267632647
rajat29.mtx,guided,16,4,5.970320999999999,2.267585,1.38873336961279,8.679583560079937
rajat29.mtx,guided,16,16,5.567549,2.284098,1.4891982091221831,9.307488807013645
rajat29.mtx,guided,16,64,6.102615999999999,2.2819760000000002,1.3586278409128154,8.491424005705097
rajat29.mtx,guided,16,256,5.049514,2.80281,1.6419766337908956,10.262353961193098
rajat29.mtx,guided,16,1024,5.27194,2.283236,1.572700751526004,9.829379697037526
rajat29.mtx,static,32,1,10.25652,1.092646,0.8083817903148437,2.5261930947338866
rajat29.mtx,static,32,4,6.766153,1.703106,1.2253911491507805,3.829347341096189
rajat29.mtx,static,32,16,6.8474129999999995,2.048998,1.2108491192221065,3.783903497569083
rajat29.mtx,static,32,64,5.20367,2.964823,1.593333935472465,4.979168548351453
rajat29.mtx,static,32,256,4.754721999999998,3.668328,1.7437789212492347,5.449309128903859
rajat29.mtx,static,32,1024,3.5597939999999992,4.118704999999999,2.329119044528982,7.27849701415307
rajat29.mtx,dynamic,32,1,54.88337,0.1821972,0.15106914899722815,0.47209109061633797
rajat29.mtx,dynamic,32,4,13.92085,0.7590768999999999,0.5955946655556235,1.8612333298613233
rajat29.mtx,dynamic,32,16,5.395494,2.223505,1.5366867241442583,4.802146012950807
rajat29.mtx,dynamic,32,64,5.988912,2.225041,1.3844224126185192,4.326320039432872
rajat29.mtx,dynamic,32,256,7.042251999999999,2.367949,1.177348382307251,3.6792136947101595
rajat29.mtx,dynamic,32,1024,5.9772919999999985,2.4842999999999997,1.3871137632225434,4.3347305100704485
rajat29.mtx,guided,32,1,15.008759999999997,2.4309469999999997,0.5524229849767738,1.726321828052418
rajat29.mtx,guided,32,4,15.763219999999997,2.3855269999999997,0.5259828892827736,1.6436965290086674
rajat29.mtx,guided,32,16,15.335459999999996,2.2889709999999996,0.5406544048890612,1.6895450152783165
rajat29.mtx,guided,32,64,14.683869999999994,2.291044,0.5646456962639961,1.7645178008249878
rajat29.mtx,guided,32,256,6.237262999999998,2.515157,1.3292984438847624,4.154057637139882
rajat29.mtx,guided,32,1024,13.653049999999995,2.355161,0.607277055309986,1.8977407978437062
rajat29.mtx,static,64,1,10.38542,1.150657,0.7983484538901654,1.2474194592033834
rajat29.mtx,static,64,4,25.04276,0.44417860000000003,0.3310810789226108,0.5173141858165794
rajat29.mtx,static,64,16,4.1397379999999995,3.251164,2.00282819830627,3.129419059853547
rajat29.mtx,static,64,64,18.67691,3.388096,0.4439269665057015,0.6936358851651586
rajat29.mtx,static,64,256,4.134148999999997,3.9964039999999996,2.0055358430477486,3.133649754762107
rajat29.mtx,static,64,1024,4.663735999999997,4.154316,1.777798743325095,2.777810536445461
rajat29.mtx,dynamic,64,1,52.686319999999995,0.19504539999999998,0.15736881983786308,0.24588878099666106
rajat29.mtx,dynamic,64,4,13.48544,0.8177871,0.6148248777941246,0.9606638715533198
rajat29.mtx,dynamic,64,16,27.380059999999997,2.4356459999999998,0.30281832837473704,0.47315363808552663
rajat29.mtx,dynamic,64,64,7.852237999999998,2.041304,1.0559007508432632,1.6498449231925987
rajat29.mtx,dynamic,64,256,21.153139999999993,2.5731089999999996,0.39195996433626423,0.6124374442754129
rajat29.mtx,dynamic,64,1024,26.367649999999994,0.4481315,0.31444531461848146,0.4913208040913773
rajat29.mtx,guided,64,1,27.291359999999994,0.7162704,0.30380252211688985,0.47469144080764036
rajat29.mtx,guided,64,4,15.14262999999999,2.71774,0.5475392319564043,0.8555300499318818
rajat29.mtx,guided,64,16,29.473239999999993,1.7645229999999998,0.2813122683491874,0.4395504192956053
rajat29.mtx,guided,64,64,21.48078999999999,2.551398,0.3859813349509029,0.6030958358607859
rajat29.mtx,guided,64,256,20.826859999999993,2.492312,0.3981005297966186,0.6220320778072166
rajat29.mtx,guided,64,1024,19.37571999999999,2.619783,0.4279161755021236,0.6686190242220681
torso1.mtx,static,2,1,11.175759999999999,1.652249,0.9887085978940137,49.43542989470068
torso1.mtx,static,2,4,10.59094,1.703571,1.0433039937909194,52.16519968954597
torso1.mtx,static,2,16,10.27547,1.781733,1.0753347535441202,53.76673767720601
torso1.mtx,static,2,64,11.58654,1.552516,0.9536557073984124,47.68278536992062
torso1.mtx,static,2,256,12.869359999999999,1.410636,0.8585951438144556,42.929757190722775
torso1.mtx,static,2,1024,11.45595,1.561577,0.9645267306508846,48.22633653254423
torso1.mtx,dynamic,2,1,23.501,0.7565755,0.47017446066124846,23.508723033062424
torso1.mtx,dynamic,2,4,13.8215,1.3005390000000001,0.7994479615092429,39.972398075462145
torso1.mtx,dynamic,2,16,9.966254000000001,1.893926,1.10869841366676,55.43492068333799
torso1.mtx,dynamic,2,64,8.463394,2.2372229999999997,1.3055719726625041,65.27859863312521
torso1.mtx,dynamic,2,256,9.075721999999999,2.250411,1.217486608778894,60.8743304389447
torso1.mtx,dynamic,2,1024,9.303251,2.187338,1.1877106185783874,59.38553092891937
torso1.mtx,guided,2,1,9.089487,2.0586649999999995,1.2156428630130611,60.782143150653056
torso1.mtx,guided,2,4,9.079571,2.006198,1.2169704934297008,60.84852467148504
torso1.mtx,guided,2,16,8.760692,2.0454559999999997,1.2612668040378545,63.06334020189273
torso1.mtx,guided,2,64,8.798637000000001,2.040775,1.2558274650948777,62.79137325474389
torso1.mtx,guided,2,256,9.400638,2.036132,1.175406392629947,58.770319631497344
torso1.mtx,guided,2,1024,8.989535,2.036009,1.229159239048516,61.4579619524258
torso1.mtx,static,4,1,7.379979,2.673927,1.4972359677446239,37.430899193615595
torso1.mtx,static,4,4,6.822732,2.973067,1.6195227952673505,40.488069881683764
torso1.mtx,static,4,16,6.227314,3.431424,1.774371743579977,44.35929358949943
torso1.mtx,static,4,64,8.428327,2.30382,1.3110039513179783,32.775098782949456
torso1.mtx,static,4,256,10.48791,1.79023,1.0535530911306448,26.33882727826612
torso1.mtx,static,4,1024,11.04913,1.648642,1.0000398221398428,25.000995553496068
torso1.mtx,dynamic,4,1,27.85349,0.6343015,0.3967032497543396,9.917581243858491
torso1.mtx,dynamic,4,4,11.14401,1.704087,0.9915254921702332,24.78813730425583
torso1.mtx,dynamic,4,16,7.45142,2.717021,1.4828811152773567,37.07202788193392
torso1.mtx,dynamic,4,64,6.256724,3.331885,1.7660312329583343,44.15078082395836
torso1.mtx,dynamic,4,256,6.7076780000000005,3.1676849999999996,1.6473017935565781,41.18254483891445
torso1.mtx,dynamic,4,1024,6.767959,3.31067,1.6326295711897783,40.815739279744456
torso1.mtx,guided,4,1,5.710074,3.7068,1.9351010162039934,48.37752540509984
torso1.mtx,guided,4,4,6.076789,3.7879929999999997,1.8183237890932205,45.45809472733051
torso1.mtx,guided,4,16,6.737545,3.780894,1.6399994359963461,40.99998589990865
torso1.mtx,guided,4,64,6.707579,3.605654,1.6473261067815974,41.183152669539936
torso1.mtx,guided,4,256,6.885565000000001,3.471058,1.6047441277513175,40.11860319378294
torso1.mtx,guided,4,1024,7.37775,3.370881,1.4976883196096373,37.44220799024093
torso1.mtx,static,8,1,5.7933449999999995,3.571127,1.9072867229553914,23.84108403694239
torso1.mtx,static,8,4,4.862848,4.368304999999999,2.2722425212550346,28.403031515687932
torso1.mtx,static,8,16,4.814674,4.289416,2.2949778115818433,28.68722264477304
torso1.mtx,static,8,64,7.349513,2.660395,1.5034424729910678,18.793030912388346
torso1.mtx,static,8,256,8.619226999999999,2.157715,1.2819676288836577,16.02459536104572
torso1.mtx,static,8,1024,6.603884,3.169066,1.6731926242193231,20.91490780274154
torso1.mtx,dynamic,8,1,19.20826,0.927229,0.5752509597433605,7.190636996792006
torso1.mtx,dynamic,8,4,8.235505,2.383724,1.3416991429183762,16.7712392864797
torso1.mtx,dynamic,8,16,5.700818999999999,3.60714,1.9382425577798563,24.228031972248203
torso1.mtx,dynamic,8,64,5.306985999999999,3.9070769999999997,2.0820801110083957,26.026001387604946
torso1.mtx,dynamic,8,256,6.241124,3.664184,1.7704455159038661,22.130568948798327
torso1.mtx,dynamic,8,1024,5.7590710000000005,3.7317609999999997,1.9186375719278335,23.982969649097917
torso1.mtx,guided,8,1,4.614065999999999,4.262294,2.394757682269825,29.934471028372812
torso1.mtx,guided,8,4,5.2390419999999995,4.286884,2.1090821566232916,26.363526957791144
torso1.mtx,guided,8,16,5.5444379999999995,4.2290540000000005,1.9929107332429368,24.91138416553671
torso1.mtx,guided,8,64,4.73986,4.090339,2.331201765452988,29.140022068162352
torso1.mtx,guided,8,256,5.235258999999999,3.947295,2.110606180133591,26.382577251669886
torso1.mtx,guided,8,1024,5.642722,3.902249,1.9581985431853635,24.477481789817045
torso1.mtx,static,16,1,4.513177,4.358967,2.448290860296417,15.301817876852605
torso1.mtx,static,16,4,3.606992,6.356592,3.063375244525078,19.146095278281738
torso1.mtx,static,16,16,4.819623,4.800557,2.292621227842925,14.328882674018281
torso1.mtx,static,16,64,4.6619649999999995,4.748388,2.3701529290760446,14.813455806725278
torso1.mtx,static,16,256,8.740817999999999,2.2170579999999998,1.2641345466751512,7.900840916719695
torso1.mtx,static,16,1024,4.569316,4.790531,2.418210953236765,15.11381845772978
torso1.mtx,dynamic,16,1,15.10519,1.192291,0.7315081769908224,4.57192610619264
torso1.mtx,dynamic,16,4,6.635528,2.855476,1.665213378648994,10.407583616556213
torso1.mtx,dynamic,16,16,5.332009,3.893205,2.0723089552174425,12.951930970109016
torso1.mtx,dynamic,16,64,5.186713999999999,4.140309,2.1303603784592715,13.314752365370447
torso1.mtx,dynamic,16,256,5.1873890000000005,3.848273,2.130083169008532,13.313019806303325
torso1.mtx,dynamic,16,1024,5.471779,3.9416800000000003,2.0193743204906487,12.621089503066555
torso1.mtx,guided,16,1,4.945294,4.246904,2.2343605860440254,13.96475366277516
torso1.mtx,guided,16,4,5.833022,4.271598,1.8943131021964261,11.839456888727664
torso1.mtx,guided,16,16,4.597683,4.215854,2.4032909619910727,15.020568512444205
torso1.mtx,guided,16,64,4.5632779999999995,4.312633,2.4214106613710586,15.133816633569117
torso1.mtx,guided,16,256,5.486254999999999,3.8795450000000002,2.014046011350184,12.58778757093865
torso1.mtx,guided,16,1024,5.378654,3.8335899999999996,2.0543373862680143,12.83960866417509
torso1.mtx,static,32,1,3.735819,5.807154,2.9577369781565976,9.242928056739368
torso1.mtx,static,32,4,4.204733999999999,7.011572,2.627887994817271,8.212149983803972
torso1.mtx,static,32,16,6.116158999999997,6.048813,1.8066191542764023,5.645684857113757
torso1.mtx,static,32,64,6.4615599999999995,3.021072,1.7100467998440008,5.343896249512502
torso1.mtx,static,32,256,6.244014999999998,3.720919,1.7696257936600095,5.530080605187529
torso1.mtx,static,32,1024,3.6132289999999996,6.6976189999999995,3.0580873783532687,9.556523057353965
torso1.mtx,dynamic,32,1,30.73801,1.2095559999999999,0.35947577608309716,1.1233618002596786
torso1.mtx,dynamic,32,4,13.806999999999999,3.194144,0.8002875353081772,2.500898547838054
torso1.mtx,dynamic,32,16,8.015219999999998,3.716557,1.3785735138898252,4.308042230905704
torso1.mtx,dynamic,32,64,34.78833,4.105688,0.3176228925044692,0.9925715390764662
torso1.mtx,dynamic,32,256,28.447469999999996,4.067953999999999,0.38842013015568705,1.213812906736522
torso1.mtx,dynamic,32,1024,27.618459999999995,4.030724,0.4000791499598458,1.250247343624518
torso1.mtx,guided,32,1,25.21133,4.37944,0.4382779488428417,1.3696185901338804
torso1.mtx,guided,32,4,6.390004999999999,4.230665,1.7291958300502117,5.4037369689069115
torso1.mtx,guided,32,16,32.25871,4.369987999999999,0.3425298159783823,1.0704056749324447
torso1.mtx,guided,32,64,23.717009999999995,4.084778,0.46589220141999366,1.45591312943748
torso1.mtx,guided,32,256,28.673429999999996,4.291207,0.3853591983937744,1.204247494980545
torso1.mtx,guided,32,1024,20.528849999999995,4.239594,0.5382459319445563,1.6820185373267384
torso1.mtx,static,64,1,7.858593999999996,6.537845,1.4060492245813956,2.1969519134084305
torso1.mtx,static,64,4,3.997240999999996,10.14243,2.764299175356205,4.319217461494071
torso1.mtx,static,64,16,9.030250999999996,8.541999,1.2236171508411013,1.9119017981892208
torso1.mtx,static,64,64,6.539155999999999,3.167576,1.6897547634587708,2.6402418179043297
torso1.mtx,static,64,256,5.662304999999999,4.421938,1.9514261418274013,3.0491033466053143
torso1.mtx,static,64,1024,2.9146619999999994,9.833771,3.791029628821456,5.923483795033525
torso1.mtx,dynamic,64,1,51.36617999999999,1.056414,0.21511371879318264,0.3361151856143479
torso1.mtx,dynamic,64,4,23.171069999999993,3.729219,0.47686921665680543,0.7451081510262585
torso1.mtx,dynamic,64,16,42.629479999999994,4.018495,0.2592002060545895,0.40500032196029606
torso1.mtx,dynamic,64,64,24.795249999999996,4.33631,0.4456325304241741,0.696300828787772
torso1.mtx,dynamic,64,256,25.454659999999997,4.10339,0.4340882966026654,0.6782629634416647
torso1.mtx,dynamic,64,1024,12.499935999999991,4.039638999999999,0.8839701259270455,1.3812033217610087
torso1.mtx,guided,64,1,18.807529999999996,4.504831,0.5875077694944526,0.9179808898350822
torso1.mtx,guided,64,4,20.77294999999999,4.524834,0.5319210800584416,0.831126687591315
torso1.mtx,guided,64,16,25.50774,4.556308,0.4331849862041875,0.676851540944043
torso1.mtx,guided,64,64,13.764319999999994,4.24686,0.8027690434398507,1.2543266303747667
torso1.mtx,guided,64,256,15.600919999999991,4.340558,0.708263999815396,1.1066624997115562
torso1.mtx,guided,64,1024,12.776599999999991,4.370402,0.8648286711644733,1.3512947986944894
